regime,config,scenario,cost
10.5,S1,0,12385.634736476
10.5,S1,1,12610.255286000001
10.5,S1,2,12244.015066799997
10.5,S1,3,12633.16380852
10.5,S1,4,12622.756855599997
10.5,S1,5,12381.462899119999
10.5,S1,6,11837.324370319997
10.5,S1,7,11821.3190652
10.5,S1,8,12291.767052487996
10.5,S1,9,12909.320944399999
10.5,S1,10,12493.185373599998
10.5,S1,11,12868.141134343998
10.5,S1,12,12779.124123999994
10.5,S1,13,12007.493279707993
10.5,S1,14,11988.633008419998
10.5,S1,15,11963.25622188
10.5,S1,16,12958.223058759999
10.5,S1,17,12294.168271399993
10.5,S1,18,12226.594181599998
10.5,S1,19,13738.440201759997
10.5,S2,0,28356.958029880003
10.5,S2,1,28734.571757280002
10.5,S2,2,28227.2561128
10.5,S2,3,29083.166090640003
10.5,S2,4,28206.53351305601
10.5,S2,5,29131.4726716
10.5,S2,6,27818.426827439995
10.5,S2,7,28954.77062288
10.5,S2,8,28312.191573200005
10.5,S2,9,28931.87667652
10.5,S2,10,28439.6907568
10.5,S2,11,27483.94192562399
10.5,S2,12,30369.378604360005
10.5,S2,13,27508.040966600005
10.5,S2,14,28035.773141979993
10.5,S2,15,26851.837981480014
10.5,S2,16,28784.389761799994
10.5,S2,17,28226.246594039992
10.5,S2,18,27428.887408983996
10.5,S2,19,28712.081653047997
10.5,S3,0,14614.455454076002
10.5,S3,1,15114.5479964
10.5,S3,2,14478.6476958
10.5,S3,3,15027.00831612
10.5,S3,4,15172.578662000002
10.5,S3,5,14563.808457599996
10.5,S3,6,14292.76739872
10.5,S3,7,14223.4743072
10.5,S3,8,14791.189891767996
10.5,S3,9,15380.331377839995
10.5,S3,10,15116.005688799994
10.5,S3,11,15322.276537224001
10.5,S3,12,15206.389847999995
10.5,S3,13,14516.070519507997
10.5,S3,14,14634.94957282
10.5,S3,15,14503.664380719994
10.5,S3,16,15883.88108864
10.5,S3,17,14635.278312599992
10.5,S3,18,14873.757389999995
10.5,S3,19,15871.718489759998
10.5,S4,0,30200.625923600008
10.5,S4,1,30634.163639519997
10.5,S4,2,29680.521515279997
10.5,S4,3,30789.080032212
10.5,S4,4,29829.042098600014
10.5,S4,5,30956.653459199995
10.5,S4,6,29602.135997520018
10.5,S4,7,30383.56643152001
10.5,S4,8,30433.743633199996
10.5,S4,9,30935.64731904001
10.5,S4,10,30326.624490746806
10.5,S4,11,29922.971342224
10.5,S4,12,32143.643715199993
10.5,S4,13,29170.450631400017
10.5,S4,14,29303.96648104799
10.5,S4,15,28853.614374800003
10.5,S4,16,30886.5746252
10.5,S4,17,30172.74265579999
10.5,S4,18,29165.788996963995
10.5,S4,19,30601.731865359998
10.5,S5,0,30200.625923600008
10.5,S5,1,30634.163639519997
10.5,S5,2,29680.521515279997
10.5,S5,3,30789.080032212
10.5,S5,4,29829.042098600014
10.5,S5,5,30956.653459199995
10.5,S5,6,29602.135997520018
10.5,S5,7,30383.56643152001
10.5,S5,8,30433.743633199996
10.5,S5,9,30935.64731904001
10.5,S5,10,30326.624490746806
10.5,S5,11,29922.971342224
10.5,S5,12,32143.643715199993
10.5,S5,13,29170.450631400017
10.5,S5,14,29303.96648104799
10.5,S5,15,28853.614374800003
10.5,S5,16,30886.5746252
10.5,S5,17,30172.74265579999
10.5,S5,18,29165.788996963995
10.5,S5,19,30601.731865359998
17.5,S1,0,1222.6931836
17.5,S1,1,1105.1945131999998
17.5,S1,2,1062.8282544000003
17.5,S1,3,1182.8342032
17.5,S1,4,1193.5400413199998
17.5,S1,5,1205.91219796
17.5,S1,6,1154.883558
17.5,S1,7,1149.6966767600002
17.5,S1,8,1082.54581232
17.5,S1,9,1145.1574808000003
17.5,S1,10,1174.9069096
17.5,S1,11,1071.0042748399999
17.5,S1,12,1218.2506392
17.5,S1,13,1150.9570700000004
17.5,S1,14,1274.3236314
17.5,S1,15,1153.9200192
17.5,S1,16,1199.55204256
17.5,S1,17,1143.6112108000002
17.5,S1,18,1123.7388084000002
17.5,S1,19,1038.957797
17.5,S2,0,12550.3061728
17.5,S2,1,10887.130617187999
17.5,S2,2,10684.358774076001
17.5,S2,3,11700.437502520002
17.5,S2,4,11301.455615472001
17.5,S2,5,11757.554766879999
17.5,S2,6,11374.15465236
17.5,S2,7,11006.82950804
17.5,S2,8,11429.697414956003
17.5,S2,9,11301.727397480003
17.5,S2,10,10676.85452938
17.5,S2,11,10250.854857800003
17.5,S2,12,12398.944309320003
17.5,S2,13,11449.443734960003
17.5,S2,14,11791.976094119998
17.5,S2,15,13241.940902560003
17.5,S2,16,10981.635091720002
17.5,S2,17,13500.804657760003
17.5,S2,18,11726.71600704
17.5,S2,19,11532.683269639996
17.5,S3,0,1490.7835036
17.5,S3,1,1360.3404424
17.5,S3,2,1328.1343103999998
17.5,S3,3,1412.6444316
17.5,S3,4,1453.9441413199997
17.5,S3,5,1466.74075396
17.5,S3,6,1412.1510636
17.5,S3,7,1413.2565367600002
17.5,S3,8,1347.3152043199998
17.5,S3,9,1409.2605088
17.5,S3,10,1430.4364696000002
17.5,S3,11,1331.18444684
17.5,S3,12,1448.6160636
17.5,S3,13,1408.2733100000003
17.5,S3,14,1531.8014086000003
17.5,S3,15,1415.8319152000001
17.5,S3,16,1467.11507056
17.5,S3,17,1403.8084827999999
17.5,S3,18,1380.4186524000002
17.5,S3,19,1303.6687369999997
17.5,S4,0,13009.919286399998
17.5,S4,1,11314.788192867996
17.5,S4,2,11164.453518648004
17.5,S4,3,12120.855271320004
17.5,S4,4,11769.530935399996
17.5,S4,5,12194.348062480003
17.5,S4,6,11871.213666119995
17.5,S4,7,11481.211443399998
17.5,S4,8,11872.560511399995
17.5,S4,9,11761.83903376
17.5,S4,10,11105.847135688005
17.5,S4,11,10685.756888671998
17.5,S4,12,12775.981966200003
17.5,S4,13,11872.687158800001
17.5,S4,14,12233.667781000002
17.5,S4,15,12328.680746512
17.5,S4,16,11483.927870200001
17.5,S4,17,12758.58488896
17.5,S4,18,12170.965472999997
17.5,S4,19,11992.67281364
17.5,S5,0,13009.919286399998
17.5,S5,1,11314.788192867996
17.5,S5,2,11164.453518648004
17.5,S5,3,12120.855271320004
17.5,S5,4,11769.530935399996
17.5,S5,5,12194.348062480003
17.5,S5,6,11871.213666119995
17.5,S5,7,11481.211443399998
17.5,S5,8,11872.560511399995
17.5,S5,9,11761.83903376
17.5,S5,10,11105.847135688005
17.5,S5,11,10685.756888671998
17.5,S5,12,12775.981966200003
17.5,S5,13,11872.687158800001
17.5,S5,14,12233.667781000002
17.5,S5,15,12328.680746512
17.5,S5,16,11483.927870200001
17.5,S5,17,12758.58488896
17.5,S5,18,12170.965472999997
17.5,S5,19,11992.67281364
25.6,S1,0,1295.0710676800002
25.6,S1,1,1474.70607672
25.6,S1,2,1549.8235582400005
25.6,S1,3,1172.5602941199998
25.6,S1,4,1370.3448029200001
25.6,S1,5,1336.4889342400002
25.6,S1,6,1298.6238728
25.6,S1,7,1629.8995651999999
25.6,S1,8,1328.2542072
25.6,S1,9,1448.1304077199998
25.6,S1,10,1462.0673632
25.6,S1,11,1328.9913020000004
25.6,S1,12,1577.2853684000002
25.6,S1,13,1739.9083332000002
25.6,S1,14,1385.7236408
25.6,S1,15,1196.827340024
25.6,S1,16,1646.9649603999999
25.6,S1,17,1467.5362483999997
25.6,S1,18,1494.2634544
25.6,S1,19,1437.4320011999998
25.6,S2,0,13266.907809280005
25.6,S2,1,15098.874970079994
25.6,S2,2,16215.630795559997
25.6,S2,3,13616.663524120002
25.6,S2,4,14004.074741800001
25.6,S2,5,13796.016341439998
25.6,S2,6,13712.981077759998
25.6,S2,7,14534.095158463995
25.6,S2,8,14757.041331600003
25.6,S2,9,13540.031376199999
25.6,S2,10,15051.691468
25.6,S2,11,14841.979544479997
25.6,S2,12,14616.868204400005
25.6,S2,13,14715.654536040001
25.6,S2,14,14994.318858199995
25.6,S2,15,13919.807876503997
25.6,S2,16,14597.776048959995
25.6,S2,17,13853.299071920004
25.6,S2,18,14411.543589279992
25.6,S2,19,14287.644212280004
25.6,S3,0,1662.93154768
25.6,S3,1,1904.83682752
25.6,S3,2,1887.1811942400009
25.6,S3,3,1548.23840212
25.6,S3,4,1719.39749092
25.6,S3,5,1763.1891150400002
25.6,S3,6,1777.2106908
25.6,S3,7,1874.7806091999996
25.6,S3,8,1615.4137511999998
25.6,S3,9,1776.44078372
25.6,S3,10,1704.3529952000001
25.6,S3,11,1799.9651684000005
25.6,S3,12,2017.0846736000003
25.6,S3,13,2170.7235072
25.6,S3,14,1844.2470064000001
25.6,S3,15,1452.0501600240002
25.6,S3,16,1947.9537284
25.6,S3,17,1824.0367403999999
25.6,S3,18,1911.2486172000001
25.6,S3,19,1831.4716331999994
25.6,S4,0,13792.315723240003
25.6,S4,1,15796.325012319998
25.6,S4,2,16726.789447440002
25.6,S4,3,14215.22116648
25.6,S4,4,14475.639711399997
25.6,S4,5,14318.140127319999
25.6,S4,6,14392.684659000002
25.6,S4,7,14949.740796399992
25.6,S4,8,15225.268502280001
25.6,S4,9,14033.977338080002
25.6,S4,10,15539.977463840003
25.6,S4,11,15506.909789132
25.6,S4,12,15303.772920799998
25.6,S4,13,15114.157681319995
25.6,S4,14,15653.475734559997
25.6,S4,15,14282.30465222399
25.6,S4,16,15044.77641596
25.6,S4,17,14290.071455039999
25.6,S4,18,14986.349476799995
25.6,S4,19,14857.125880440002
25.6,S5,0,13792.315708240003
25.6,S5,1,15796.325035119999
25.6,S5,2,16726.789457040002
25.6,S5,3,14215.221119320002
25.6,S5,4,14475.63971632
25.6,S5,5,14318.140144959996
25.6,S5,6,14392.684619640002
25.6,S5,7,14949.740763999996
25.6,S5,8,15225.268470660007
25.6,S5,9,14033.9773802
25.6,S5,10,15539.977488199995
25.6,S5,11,15506.909770891996
25.6,S5,12,15303.772905199996
25.6,S5,13,15114.157674239996
25.6,S5,14,15653.475724359994
25.6,S5,15,14282.304654863994
25.6,S5,16,15044.776391599999
25.6,S5,17,14290.071439440002
25.6,S5,18,14986.349453999996
25.6,S5,19,14857.125849120002
32.8,S1,0,90916.29019660002
32.8,S1,1,91456.52256876003
32.8,S1,2,89326.24228415996
32.8,S1,3,91486.89000536
32.8,S1,4,89689.94730672005
32.8,S1,5,93328.29203434802
32.8,S1,6,90681.67859524002
32.8,S1,7,91174.53680184
32.8,S1,8,92618.53931236004
32.8,S1,9,90093.80905260002
32.8,S1,10,90725.69973860001
32.8,S1,11,89839.06907527999
32.8,S1,12,93363.02350278798
32.8,S1,13,90948.88085727995
32.8,S1,14,90047.18926000001
32.8,S1,15,92054.32887367996
32.8,S1,16,90406.54993572003
32.8,S1,17,91490.20848040003
32.8,S1,18,90219.3810803576
32.8,S1,19,92059.73484112001
32.8,S2,0,99992.88331778
32.8,S2,1,105664.97101559998
32.8,S2,2,102446.48989992001
32.8,S2,3,100681.40229835997
32.8,S2,4,99153.86099108
32.8,S2,5,101224.56291799998
32.8,S2,6,106698.13426559992
32.8,S2,7,100914.97162120003
32.8,S2,8,100890.81338947995
32.8,S2,9,108590.29991140004
32.8,S2,10,101607.93280495997
32.8,S2,11,99685.13126439997
32.8,S2,12,110027.60908199997
32.8,S2,13,100553.70199808001
32.8,S2,14,99565.73756720006
32.8,S2,15,101362.04132612
32.8,S2,16,100361.42037879997
32.8,S2,17,100715.02726319997
32.8,S2,18,99056.34461403757
32.8,S2,19,99583.16031416002
32.8,S3,0,94825.64393184004
32.8,S3,1,94032.6626296
32.8,S3,2,93978.51200172
32.8,S3,3,94776.26275852001
32.8,S3,4,94041.78746392003
32.8,S3,5,96253.61693199996
32.8,S3,6,94309.49467123995
32.8,S3,7,95823.69132187999
32.8,S3,8,95498.80557540001
32.8,S3,9,93576.372343
32.8,S3,10,94066.46160499999
32.8,S3,11,93546.95727839998
32.8,S3,12,96137.77319200001
32.8,S3,13,95139.42152928005
32.8,S3,14,93750.36592532005
32.8,S3,15,94667.494800768
32.8,S3,16,95810.35852931997
32.8,S3,17,95228.44530159999
32.8,S3,18,93785.35826555756
32.8,S3,19,94754.40668471997
32.8,S4,0,107930.15070177996
32.8,S4,1,110308.28621760002
32.8,S4,2,107077.81243863999
32.8,S4,3,108354.25961435992
32.8,S4,4,106724.99805907995
32.8,S4,5,109063.17591159996
32.8,S4,6,107420.68056560002
32.8,S4,7,108630.09216520007
32.8,S4,8,108334.99573347994
32.8,S4,9,107366.82216739995
32.8,S4,10,107258.87222535998
32.8,S4,11,106840.99873240004
32.8,S4,12,108999.71277239997
32.8,S4,13,108398.74725808
32.8,S4,14,106690.24993520007
32.8,S4,15,110747.27081771998
32.8,S4,16,108130.38069079991
32.8,S4,17,108705.40429679998
32.8,S4,18,106476.36776643762
32.8,S4,19,107550.91115696005
32.8,S5,0,105945.83398577999
32.8,S5,1,108373.23568560001
32.8,S5,2,105153.43959064002
32.8,S5,3,106422.15861835997
32.8,S5,4,104800.49453907997
32.8,S5,5,107100.44205960004
32.8,S5,6,105512.22788959995
32.8,S5,7,106689.7264372
32.8,S5,8,106407.94456947997
32.8,S5,9,105425.14026340003
32.8,S5,10,105326.93780936
32.8,S5,11,104952.05624039998
32.8,S5,12,107050.63304039999
32.8,S5,13,106428.15292207997
32.8,S5,14,104802.66961120002
32.8,S5,15,108827.57881372003
32.8,S5,16,106155.5256508
32.8,S5,17,106707.80972079998
32.8,S5,18,104580.36462643763
32.8,S5,19,105558.97333696003
40.5,S1,0,77899.55933299997
40.5,S1,1,77169.50419419998
40.5,S1,2,77160.12628072
40.5,S1,3,77202.81128978799
40.5,S1,4,76636.85303039996
40.5,S1,5,78240.86359744001
40.5,S1,6,76897.83641960398
40.5,S1,7,75621.0090872988
40.5,S1,8,79580.37360400005
40.5,S1,9,75847.72303956002
40.5,S1,10,77310.94411642401
40.5,S1,11,78908.25863679998
40.5,S1,12,78070.98094359206
40.5,S1,13,76280.71821711998
40.5,S1,14,78674.62514443997
40.5,S1,15,75575.37181543997
40.5,S1,16,75496.92546085197
40.5,S1,17,76858.62262999997
40.5,S1,18,77525.62113781202
40.5,S1,19,75562.33607799996
40.5,S2,0,85922.99246300003
40.5,S2,1,85541.61730319998
40.5,S2,2,85303.75447207996
40.5,S2,3,87293.03605479997
40.5,S2,4,84532.9735352
40.5,S2,5,87105.27472956003
40.5,S2,6,85576.24901999999
40.5,S2,7,84085.91166672001
40.5,S2,8,89690.74909700005
40.5,S2,9,83966.50438799999
40.5,S2,10,87399.68137892
40.5,S2,11,91022.57022039995
40.5,S2,12,86580.587698
40.5,S2,13,84464.87636519999
40.5,S2,14,88587.55357932
40.5,S2,15,85916.78427399995
40.5,S2,16,86681.51468920003
40.5,S2,17,85143.73461960004
40.5,S2,18,85871.15787279994
40.5,S2,19,83813.7944528
40.5,S3,0,81693.44086696
40.5,S3,1,80815.42042119999
40.5,S3,2,80699.17220155994
40.5,S3,3,81167.00564974798
40.5,S3,4,81463.549203188
40.5,S3,5,82385.79445132003
40.5,S3,6,80723.28167900395
40.5,S3,7,79062.10543285878
40.5,S3,8,82880.88417184398
40.5,S3,9,79120.11623047998
40.5,S3,10,81263.51121686402
40.5,S3,11,82561.85738511996
40.5,S3,12,79568.68242759998
40.5,S3,13,79845.67049280001
40.5,S3,14,81897.38182088002
40.5,S3,15,79710.43185744004
40.5,S3,16,79041.26906925201
40.5,S3,17,79925.4515122
40.5,S3,18,80853.394407652
40.5,S3,19,78856.43584791996
40.5,S4,0,95114.578363
40.5,S4,1,94962.03764960001
40.5,S4,2,94737.4109360799
40.5,S4,3,94715.0501508
40.5,S4,4,94045.84966600001
40.5,S4,5,96766.41840156
40.5,S4,6,94713.25541200003
40.5,S4,7,93463.98756400004
40.5,S4,8,96616.5741598
40.5,S4,9,93018.37978
40.5,S4,10,94900.53561812002
40.5,S4,11,96147.03590039992
40.5,S4,12,93570.20067399996
40.5,S4,13,93545.50117440002
40.5,S4,14,97690.84394331998
40.5,S4,15,93503.54529319996
40.5,S4,16,93020.53073359995
40.5,S4,17,93960.03512759999
40.5,S4,18,95426.5125972
40.5,S4,19,93023.23116479994
40.5,S5,0,92162.43129500003
40.5,S5,1,91994.00932560003
40.5,S5,2,94456.50339207996
40.5,S5,3,91765.21721480001
40.5,S5,4,91073.075722
40.5,S5,5,93747.31078156005
40.5,S5,6,91809.49285999994
40.5,S5,7,90533.33876440006
40.5,S5,8,93679.16759579998
40.5,S5,9,90129.85302400001
40.5,S5,10,91950.31355012006
40.5,S5,11,93276.62086440004
40.5,S5,12,90694.59663000001
40.5,S5,13,90646.17669039997
40.5,S5,14,94794.66503931998
40.5,S5,15,90550.34787319996
40.5,S5,16,90100.04565359997
40.5,S5,17,91086.2956956
40.5,S5,18,92427.04518120004
40.5,S5,19,90072.29228480005
46.4,S1,0,60665.392045759996
46.4,S1,1,61844.907337639976
46.4,S1,2,60077.95160959999
46.4,S1,3,60394.11549280003
46.4,S1,4,60287.04367828399
46.4,S1,5,61362.49427999998
46.4,S1,6,60004.16968411999
46.4,S1,7,62419.610209599974
46.4,S1,8,60022.27246440001
46.4,S1,9,60333.775565272015
46.4,S1,10,60380.14624896003
46.4,S1,11,60321.21631191998
46.4,S1,12,59903.571056800014
46.4,S1,13,61106.27116572003
46.4,S1,14,61031.21823279599
46.4,S1,15,61391.62917847996
46.4,S1,16,59803.70217244003
46.4,S1,17,60360.963228080014
46.4,S1,18,61729.591176008
46.4,S1,19,60488.40704600001
46.4,S2,0,65435.08130384007
46.4,S2,1,69574.8895252
46.4,S2,2,69291.496306
46.4,S2,3,65546.50377800001
46.4,S2,4,66320.94383708003
46.4,S2,5,66665.34804400001
46.4,S2,6,68784.72620539997
46.4,S2,7,66470.26354932002
46.4,S2,8,68452.54523959999
46.4,S2,9,66208.24297207204
46.4,S2,10,69410.07189652
46.4,S2,11,65867.82388719998
46.4,S2,12,65979.38593451999
46.4,S2,13,66577.06131351998
46.4,S2,14,69018.44425559998
46.4,S2,15,67283.684350228
46.4,S2,16,65137.33821132
46.4,S2,17,69083.94752360003
46.4,S2,18,67181.83348480002
46.4,S2,19,66514.04428080001
46.4,S3,0,63307.3379516
46.4,S3,1,63778.65281347998
46.4,S3,2,63049.47788015997
46.4,S3,3,62910.26647908002
46.4,S3,4,63775.83600947998
46.4,S3,5,64418.22203480001
46.4,S3,6,63609.93846705643
46.4,S3,7,64205.82467235998
46.4,S3,8,63656.50595324001
46.4,S3,9,63008.019971592
46.4,S3,10,63924.98284696
46.4,S3,11,62997.60874744
46.4,S3,12,63469.09920679998
46.4,S3,13,65069.74468891999
46.4,S3,14,64051.96050275998
46.4,S3,15,64978.33996435999
46.4,S3,16,64142.820982492005
46.4,S3,17,63463.438150080015
46.4,S3,18,64658.83002256798
46.4,S3,19,63658.19440504001
46.4,S4,0,73587.26510383998
46.4,S4,1,74382.53299719997
46.4,S4,2,73785.79583880001
46.4,S4,3,76363.85127000003
46.4,S4,4,74251.54366207996
46.4,S4,5,74737.72431920005
46.4,S4,6,74154.45554620001
46.4,S4,7,74358.29192531997
46.4,S4,8,73839.63149439996
46.4,S4,9,73775.32035007198
46.4,S4,10,74756.24091252002
46.4,S4,11,73888.89915599997
46.4,S4,12,73810.08633051999
46.4,S4,13,74172.14834551999
46.4,S4,14,76545.51639960002
46.4,S4,15,75508.40003222803
46.4,S4,16,72729.25897532
46.4,S4,17,73971.3116116
46.4,S4,18,75124.73339280003
46.4,S4,19,74781.02102480002
46.4,S5,0,71039.70781983997
46.4,S5,1,71886.72251719999
46.4,S5,2,71315.09658679998
46.4,S5,3,73895.88897000003
46.4,S5,4,71773.23124207997
46.4,S5,5,72206.0950632
46.4,S5,6,71593.78439020005
46.4,S5,7,71840.15151332003
46.4,S5,8,71246.73285839998
46.4,S5,9,71339.03287607196
46.4,S5,10,72141.32497252004
46.4,S5,11,71359.594096
46.4,S5,12,71316.35699451997
46.4,S5,13,71715.60272551999
46.4,S5,14,74131.4699116
46.4,S5,15,72938.17650822799
46.4,S5,16,70258.90379131999
46.4,S5,17,71494.37627959998
46.4,S5,18,72605.23371679996
46.4,S5,19,72197.59060879998
