regime,config,disc_mode,Z,MaxRamp,Disparity_Mean,Real_JFI,lower_bound,gap_rel,solve_time_s,hit_cap,status,n_variables,n_constraints,recon_mean,served_fh_mean,bind_ramp,bind_fair,bind_clpu
10.5,S1,single,12452.713947019805,730.61533,7.774034214999999,0.9606878058885858,12405.055,0.0038271935919005702,11.25,False,Optimal,12485,20505,6.35,116.8,23.152173913043477,,34.44055944055944
10.5,S2,single,28379.874633500604,730.61533,0.05,0.9999974032094586,27824.047,0.01958527444812904,45.14,False,Optimal,12485,30105,5.0,120.0,21.195652173913043,18.447916666666668,33.56643356643357
10.5,S3,single,14911.140069279816,2112.5951,9.601505674999999,0.9429654814649104,14669.01,0.016238199638313126,76.29,False,Optimal,12485,20505,5.95,116.7,21.73913043478261,,34.45454545454545
10.5,S4,single,30199.66446142171,2112.5951,0.050000000000000086,0.9999974290333771,28898.303,0.043091917894787335,303.21,True,Optimal,12485,30105,5.0,120.0,20.76086956521739,18.125,33.56643356643357
10.5,S5,single,30199.66446142171,2112.5951,0.050000000000000086,0.9999974290333771,28898.303,0.043091917894787335,302.95,True,Optimal,12485,30105,5.0,120.0,20.76086956521739,18.125,33.56643356643357
17.5,S1,single,1152.7254162280003,342.36094,3.237977945,0.9849823225797463,1151.156,0.0013614831475963094,1.27,False,Optimal,12485,20505,5.0,120.0,25.652173913043477,,33.56643356643357
17.5,S2,single,11577.275293803594,2148.7748,0.049999999999999954,0.9999940141426104,11172.981,0.034921368244562774,302.26,True,Optimal,12485,30105,5.15,119.5,25.652173913043477,15.916666666666666,33.67132867132867
17.5,S3,single,1410.7862726680003,823.56711,3.2878158650000002,0.9848131704812669,1408.75,0.001443360137144927,1.86,False,Optimal,12485,20505,5.0,120.0,25.32608695652174,,33.56643356643357
17.5,S4,single,11898.474632223399,823.56711,0.050000000000000086,0.9999944698053286,11305.61,0.049826944255342155,303.05,True,Optimal,12485,30105,5.0,120.0,25.32608695652174,15.75,33.56643356643357
17.5,S5,single,11898.474632223399,823.56711,0.050000000000000086,0.9999944698053286,11305.61,0.049826944255342155,303.57,True,Optimal,12485,30105,5.0,120.0,25.32608695652174,15.75,33.56643356643357
25.6,S1,single,1432.0451399432013,592.8044,2.6713937,0.9940457304140141,1399.019,0.023062219913341012,1.57,False,Optimal,12485,20505,5.0,120.0,24.347826086956523,,33.56643356643357
25.6,S2,single,14391.645026818393,592.8044,0.050000000000000176,0.9999976173923768,14188.691,0.014102211834727247,33.08,False,Optimal,12485,30105,5.0,120.0,24.347826086956523,17.375,33.56643356643357
25.6,S3,single,1801.6377321232014,1211.6861,2.69604815,0.9941282657755728,1768.611,0.01833150557092288,3.15,False,Optimal,12485,20505,5.0,120.0,23.47826086956522,,33.56643356643357
25.6,S4,single,14925.2511977038,1211.6861,0.050000000000000086,0.9999976734571204,14422.493,0.03368507444492101,303.3,True,Optimal,12485,30105,5.0,120.0,23.47826086956522,16.9375,33.56643356643357
25.6,S5,single,14925.251188370808,1211.6861,0.050000000000000086,0.9999976734571204,14434.5,0.032880598267798884,302.98,True,Optimal,12485,30105,5.0,120.0,23.47826086956522,17.25,33.56643356643357
32.8,S1,single,91096.34069016084,2125.0097,8.78223014,0.9359589727930107,89948.798,0.012597022904178943,20.19,False,Optimal,12485,20505,9.75,105.2,16.630434782608695,,37.99300699300699
32.8,S2,single,101938.82481206911,5011.5792,0.050000000000000176,0.9999965040231288,95434.928,0.063801959891724,302.92,True,Optimal,12485,30105,5.95,118.35,17.5,27.833333333333332,33.93006993006993
32.8,S3,single,94700.1946370545,2754.092,11.884499279999998,0.8902047622001577,92504.925,0.023181257921042666,11.98,False,Optimal,12485,20505,5.05,106.95,16.630434782608695,,37.11888111888112
32.8,S4,single,108050.50946134505,5143.3059,0.05000000000000045,0.9999971774351464,100884.556,0.06632040419863698,304.64,True,Optimal,12485,30105,5.0,119.9,16.847826086956523,27.3125,33.58041958041958
32.8,S5,single,106111.06727054509,3903.1079,0.050000000000000266,0.9999967506697068,98887.133,0.06807898983926575,303.96,True,Optimal,12485,30105,5.0,119.9,16.847826086956523,27.458333333333332,33.58041958041958
40.5,S1,single,77126.05320282481,3458.9149,5.62236847,0.9731753665173677,75981.518,0.014839799980623104,4.47,False,Optimal,12485,20505,8.25,108.15,19.130434782608695,,37.64335664335665
40.5,S2,single,86225.06589398991,3131.1385,0.050000000000000266,0.999996522028902,82059.065,0.04831542719969429,301.88,True,Optimal,12485,30105,5.2,118.95,20.108695652173914,28.416666666666668,33.74125874125874
40.5,S3,single,80676.74281729468,3362.9174,8.925750449999999,0.9375720663769591,79466.496,0.01500118590602349,8.87,False,Optimal,12485,20505,5.0,107.6,18.47826086956522,,37.3986013986014
40.5,S4,single,94647.07571547411,6160.5254,0.05,0.9999967715961079,89943.909,0.049691622059329844,303.7,True,Optimal,12485,30105,5.0,119.9,19.67391304347826,28.229166666666668,33.58041958041958
40.5,S5,single,91847.43997189417,4273.5834,0.04999999999999982,0.9999969411084859,86526.241,0.057935190937520885,303.49,True,Optimal,12485,30105,5.0,119.85,19.565217391304348,28.020833333333332,33.58741258741259
46.4,S1,single,60696.42240923403,1475.7359,7.46529886,0.9589184915926323,59374.859,0.021773332871641835,4.22,False,Optimal,12485,20505,8.5,110.1,22.391304347826086,,36.12587412587413
46.4,S2,single,67240.18379493098,2538.9068,0.050000000000000176,0.999997282405767,63642.479,0.05350527901445452,302.19,True,Optimal,12485,30105,5.0,119.6,23.91304347826087,27.875,33.62237762237762
46.4,S3,single,63806.755087513455,2252.6809,9.324752394999999,0.9356722574035417,62272.026,0.024052768165510312,7.4,False,Optimal,12485,20505,5.0,109.65,23.58695652173913,,35.95804195804196
46.4,S4,single,74426.20143440111,5367.751,0.05000000000000036,0.999997004132263,70702.983,0.05002564100604738,304.08,True,Optimal,12485,30105,5.0,119.85,23.26086956521739,28.5,33.58741258741259
46.4,S5,single,71914.75367210075,3733.4285,0.050000000000000086,0.9999971103723804,68003.843,0.054382591504557834,303.78,True,Optimal,12485,30105,5.0,119.85,23.152173913043477,27.916666666666668,33.58741258741259
