Governorate,Model,RMSE_MW,MAE_MW,R2,MAPE_pct,RMSE_ci95_low,RMSE_ci95_high
Anbar,BiLSTM,45.49238586425781,33.850833892822266,0.9688264727592468,2.5508108139038086,41.82258987426758,49.41278076171875
Anbar,LSTM,43.476539611816406,32.30125427246094,0.9715279936790466,2.476080894470215,40.28922653198242,46.73078918457031
Anbar,GRU,46.55711364746094,35.005760192871094,0.96735018491745,2.5895578861236572,43.094520568847656,49.939781188964844
Anbar,XGBoost,49.36595153808594,35.97638702392578,0.9632917642593384,2.706770658493042,45.64112091064453,53.14495849609375
Babil,BiLSTM,53.97113800048828,37.89222717285156,0.9605293273925781,3.3100619316101074,49.00897979736328,59.09188461303711
Babil,LSTM,56.01272964477539,40.1701774597168,0.9574867486953735,3.5072696208953857,50.93695068359375,61.84550476074219
Babil,GRU,55.62130355834961,39.097633361816406,0.9580788016319275,3.3812756538391113,50.44886016845703,61.24365234375
Babil,XGBoost,54.308349609375,37.81748580932617,0.9600346088409424,3.3718373775482178,48.799949645996094,59.83192443847656
Kirkuk,BiLSTM,43.68824005126953,32.32081604003906,0.9678345322608948,2.106353521347046,40.24786376953125,47.375545501708984
Kirkuk,LSTM,45.23727035522461,33.275245666503906,0.9655131101608276,2.1426167488098145,41.98491287231445,48.52985763549805
Kirkuk,GRU,39.37733840942383,29.015810012817383,0.9738691449165344,1.9117748737335205,36.15282440185547,43.000953674316406
Kirkuk,XGBoost,48.5439453125,35.81304931640625,0.9602871537208557,2.335388422012329,44.6580696105957,52.618927001953125
Najaf,BiLSTM,37.80976867675781,28.60938262939453,0.9764671921730042,2.7528507709503174,34.94993591308594,40.90547561645508
Najaf,LSTM,40.64978790283203,30.82313346862793,0.9727991819381714,3.001568078994751,37.50695037841797,43.878440856933594
Najaf,GRU,40.711727142333984,29.681249618530273,0.972716212272644,2.8391032218933105,37.323917388916016,44.168678283691406
Najaf,XGBoost,42.35459518432617,31.449583053588867,0.9704697728157043,3.0446736812591553,39.16936111450195,45.67750549316406
Wasit,BiLSTM,31.96123504638672,23.478199005126953,0.9776971936225891,2.6066203117370605,29.40594482421875,34.629066467285156
Wasit,LSTM,31.045055389404297,22.704750061035156,0.97895747423172,2.491283655166626,28.594858169555664,33.76150131225586
Wasit,GRU,33.610164642333984,25.213577270507812,0.9753365516662598,2.7668368816375732,31.044574737548828,36.128108978271484
Wasit,XGBoost,33.54663848876953,23.732807159423828,0.9754297137260437,2.607835531234741,30.493391036987305,36.56959533691406
