Governorate,pair,wilcoxon_p,mae_BiLSTM,mae_other
Anbar,BiLSTM vs LSTM,0.13591972015338205,33.850833892822266,32.30125427246094
Anbar,BiLSTM vs GRU,0.9381795044031528,33.850833892822266,35.005760192871094
Anbar,BiLSTM vs XGBoost,0.10761220498313967,33.850833892822266,35.97638702392578
Babil,BiLSTM vs LSTM,0.0006401818063041671,37.89222717285156,40.1701774597168
Babil,BiLSTM vs GRU,0.14174961811947565,37.89222717285156,39.097633361816406
Babil,BiLSTM vs XGBoost,0.29183224217075265,37.89222717285156,37.81748580932617
Kirkuk,BiLSTM vs LSTM,0.41129590887635525,32.32081604003906,33.275245666503906
Kirkuk,BiLSTM vs GRU,0.000490960391832604,32.32081604003906,29.015810012817383
Kirkuk,BiLSTM vs XGBoost,0.00011108336194978139,32.32081604003906,35.81304931640625
Najaf,BiLSTM vs LSTM,5.537154523154611e-06,28.60938262939453,30.82313346862793
Najaf,BiLSTM vs GRU,0.09220286579821864,28.60938262939453,29.681249618530273
Najaf,BiLSTM vs XGBoost,0.0017614260075427155,28.60938262939453,31.449583053588867
Wasit,BiLSTM vs LSTM,0.005675837301570788,23.478199005126953,22.704750061035156
Wasit,BiLSTM vs GRU,0.011976043970251902,23.478199005126953,25.213577270507812
Wasit,BiLSTM vs XGBoost,0.5899716266032576,23.478199005126953,23.732807159423828
