regime,constraint_group,binding,total,binding_pct
10.5,ramp,175,920,19.02173913043478
10.5,fair,1782,9600,18.5625
10.5,clpu,4856,14300,33.95804195804196
17.5,ramp,232,920,25.217391304347824
17.5,fair,1447,9600,15.072916666666666
17.5,clpu,4804,14300,33.59440559440559
25.6,ramp,216,920,23.47826086956522
25.6,fair,1708,9600,17.791666666666668
25.6,clpu,4800,14300,33.56643356643357
32.8,ramp,262,920,28.47826086956522
32.8,fair,2568,9600,26.75
32.8,clpu,5378,14300,37.60839160839161
40.5,ramp,174,920,18.91304347826087
40.5,fair,2588,9600,26.958333333333332
40.5,clpu,4833,14300,33.7972027972028
46.4,ramp,214,920,23.26086956521739
46.4,fair,2640,9600,27.5
46.4,clpu,4807,14300,33.61538461538461
