study,regime,n_scenarios,budget_s,status,objective,solve_time_s,lower_bound,gap_rel,hit_cap,n_variables,n_constraints
clean_regime,17.5,10,300.0,Optimal,1164.6440899276013,0.87,1164.6440899276013,0.0,False,6245,10255
clean_regime,17.5,20,300.0,Optimal,1152.7254162280003,2.27,1152.7254162280003,0.0,False,12485,20505
clean_regime,17.5,30,300.0,Optimal,1161.7764191822685,4.06,1161.7764191822685,0.0,False,18725,30755
clean_regime,17.5,50,300.0,Optimal,1148.1525204267184,5.39,1148.1525204267184,0.0,False,31205,51255
effort_matched,10.5,10,150.0,Optimal,9113.902514606661,144.04,8850.395,0.028912698395044612,False,6245,10255
effort_matched,10.5,20,300.0,Optimal,9345.575470715992,300.08,8816.653,0.05659603010786768,True,12485,20505
effort_matched,10.5,30,450.0,Optimal,10508.478843336468,451.16,8837.888,0.15897551569947785,True,18725,30755
effort_matched,10.5,50,750.0,Optimal,10446.197284009828,751.76,8750.387,0.16233757011325384,True,31205,51255
effort_matched,46.4,10,150.0,Optimal,31896.973435539174,150.51,30181.953,0.05376749737730038,True,6245,10255
effort_matched,46.4,20,300.0,Optimal,32158.69808522944,300.74,30177.736,0.0615995734646764,True,12485,20505
effort_matched,46.4,30,450.0,Optimal,32796.716231175626,451.3,30313.841,0.07570499478284581,True,18725,30755
effort_matched,46.4,50,750.0,Optimal,32972.939225398106,755.14,30302.368,0.0809928167805266,True,31205,51255
