lambda_range,regime,config,lam,status,objective,solve_time_s,n_variables,n_constraints,Z,MaxRamp,Disparity_Mean,Real_JFI,source
conservative,10.5,S2,"[0.1, 0.2, 0.3, 0.4, 0.5]",Optimal,30385.754087295398,302.47,12485,30105,30385.754087295398,1652.2482,0.0499999999999998,0.9999972596236162,table5
baseline,10.5,S2,"[0.3, 0.45, 0.6, 0.7, 0.8]",Optimal,30385.754087295398,302.47,12485,30105,30385.754087295398,1652.2482,0.0499999999999998,0.9999972596236162,table5
aggressive,10.5,S2,"[0.5, 0.6, 0.75, 0.9, 1.0]",Optimal,30385.754087295398,302.47,12485,30105,30385.754087295398,1652.2482,0.0499999999999998,0.9999972596236162,table5
conservative,10.5,S3,"[0.1, 0.2, 0.3, 0.4, 0.5]",Optimal,12991.757482492194,301.23,12485,20505,12991.757482492194,1624.0488,5.567328325,0.9766978770004078,table5
baseline,10.5,S3,"[0.3, 0.45, 0.6, 0.7, 0.8]",Optimal,12991.757482492194,301.23,12485,20505,12991.757482492194,1624.0488,5.567328325,0.9766978770004078,table5
aggressive,10.5,S3,"[0.5, 0.6, 0.75, 0.9, 1.0]",Optimal,12991.757482492194,301.23,12485,20505,12991.757482492194,1624.0488,5.567328325,0.9766978770004078,table5
baseline,10.5,S4,"[0.3, 0.45, 0.6, 0.7, 0.8]",Optimal,34294.20668883566,304.52,12485,30105,34294.20668883566,2429.2724,0.0499999999999999,0.9999972014451186,table5
conservative,17.5,S2,"[0.1, 0.2, 0.3, 0.4, 0.5]",Optimal,11445.91362931004,301.42,12485,30105,11445.91362931004,342.36094,0.0499999999999999,0.9999943750808792,table5
baseline,17.5,S2,"[0.3, 0.45, 0.6, 0.7, 0.8]",Optimal,11445.91362931004,301.42,12485,30105,11445.91362931004,342.36094,0.0499999999999999,0.9999943750808792,table5
aggressive,17.5,S2,"[0.5, 0.6, 0.75, 0.9, 1.0]",Optimal,11445.91362931004,301.42,12485,30105,11445.91362931004,342.36094,0.0499999999999999,0.9999943750808792,table5
conservative,17.5,S3,"[0.1, 0.2, 0.3, 0.4, 0.5]",Optimal,1410.7862726680005,2.67,12485,20505,1410.7862726680005,823.56711,3.287815865,0.9848131704812668,table5
baseline,17.5,S3,"[0.3, 0.45, 0.6, 0.7, 0.8]",Optimal,1410.7862726680005,2.67,12485,20505,1410.7862726680005,823.56711,3.287815865,0.9848131704812668,table5
aggressive,17.5,S3,"[0.5, 0.6, 0.75, 0.9, 1.0]",Optimal,1410.7862726680005,2.67,12485,20505,1410.7862726680005,823.56711,3.287815865,0.9848131704812668,table5
baseline,17.5,S4,"[0.3, 0.45, 0.6, 0.7, 0.8]",Optimal,11993.442574268189,303.52,12485,30105,11993.442574268189,962.82684,0.0500000000000001,0.9999944535798008,table5
conservative,25.6,S2,"[0.1, 0.2, 0.3, 0.4, 0.5]",Optimal,14391.645023946763,301.7,12485,30105,14391.645023946763,592.8044,0.0500000000000001,0.9999976173923768,table5
baseline,25.6,S2,"[0.3, 0.45, 0.6, 0.7, 0.8]",Optimal,14391.645023946763,301.7,12485,30105,14391.645023946763,592.8044,0.0500000000000001,0.9999976173923768,table5
aggressive,25.6,S2,"[0.5, 0.6, 0.75, 0.9, 1.0]",Optimal,14391.645023946763,301.7,12485,30105,14391.645023946763,592.8044,0.0500000000000001,0.9999976173923768,table5
conservative,25.6,S3,"[0.1, 0.2, 0.3, 0.4, 0.5]",Optimal,1802.3721670472007,46.81,12485,20505,1802.3721670472007,1211.6861,2.7114388000000003,0.994178756276168,table5
baseline,25.6,S3,"[0.3, 0.45, 0.6, 0.7, 0.8]",Optimal,1802.3721670472007,46.81,12485,20505,1802.3721670472007,1211.6861,2.7114388000000003,0.994178756276168,table5
aggressive,25.6,S3,"[0.5, 0.6, 0.75, 0.9, 1.0]",Optimal,1802.3721670472007,46.81,12485,20505,1802.3721670472007,1211.6861,2.7114388000000003,0.994178756276168,table5
baseline,25.6,S4,"[0.3, 0.45, 0.6, 0.7, 0.8]",Optimal,14925.251184789387,304.49,12485,30105,14925.251184789387,1211.6861,0.05,0.9999976734571204,table5
conservative,32.8,S2,"[0.1, 0.2, 0.3, 0.4, 0.5]",Optimal,96771.27494004212,301.89,12485,30105,96771.27494004212,5951.8648,0.0499999999999999,0.9999934504235845,table5
baseline,32.8,S2,"[0.3, 0.45, 0.6, 0.7, 0.8]",Optimal,96771.27494004212,301.89,12485,30105,96771.27494004212,5951.8648,0.0499999999999999,0.9999934504235845,table5
aggressive,32.8,S2,"[0.5, 0.6, 0.75, 0.9, 1.0]",Optimal,96771.27494004212,301.89,12485,30105,96771.27494004212,5951.8648,0.0499999999999999,0.9999934504235845,table5
conservative,32.8,S3,"[0.1, 0.2, 0.3, 0.4, 0.5]",Optimal,54145.680615556485,300.58,12485,20505,54145.680615556485,2200.3204,21.051457735000003,0.6143063327944932,table5
baseline,32.8,S3,"[0.3, 0.45, 0.6, 0.7, 0.8]",Optimal,54145.680615556485,300.58,12485,20505,54145.680615556485,2200.3204,21.051457735000003,0.6143063327944932,table5
aggressive,32.8,S3,"[0.5, 0.6, 0.75, 0.9, 1.0]",Optimal,54145.680615556485,300.58,12485,20505,54145.680615556485,2200.3204,21.051457735000003,0.6143063327944932,table5
baseline,32.8,S4,"[0.3, 0.45, 0.6, 0.7, 0.8]",Optimal,88206.350885002,303.37,12485,30105,88206.350885002,7424.3073,0.0499999999999997,0.99999447522803,table5
conservative,40.5,S2,"[0.1, 0.2, 0.3, 0.4, 0.5]",Optimal,92742.95959058004,305.48,12485,30105,92742.95959058004,4680.7434,0.05,0.9999955438923668,table5
baseline,40.5,S2,"[0.3, 0.45, 0.6, 0.7, 0.8]",Optimal,92742.95959058004,305.48,12485,30105,92742.95959058004,4680.7434,0.05,0.9999955438923668,table5
aggressive,40.5,S2,"[0.5, 0.6, 0.75, 0.9, 1.0]",Optimal,92742.95959058004,305.48,12485,30105,92742.95959058004,4680.7434,0.05,0.9999955438923668,table5
conservative,40.5,S3,"[0.1, 0.2, 0.3, 0.4, 0.5]",Optimal,44740.48293025144,300.87,12485,20505,44740.48293025144,1585.5907,21.303051150000005,0.7172797131053568,table5
baseline,40.5,S3,"[0.3, 0.45, 0.6, 0.7, 0.8]",Optimal,44740.48293025144,300.87,12485,20505,44740.48293025144,1585.5907,21.303051150000005,0.7172797131053568,table5
aggressive,40.5,S3,"[0.5, 0.6, 0.75, 0.9, 1.0]",Optimal,44740.48293025144,300.87,12485,20505,44740.48293025144,1585.5907,21.303051150000005,0.7172797131053568,table5
baseline,40.5,S4,"[0.3, 0.45, 0.6, 0.7, 0.8]",Optimal,97790.266522764,304.02,12485,30105,97790.266522764,6160.5254,0.0500000000000004,0.9999969845144328,table5
conservative,46.4,S2,"[0.1, 0.2, 0.3, 0.4, 0.5]",Optimal,66884.64014513098,310.19,12485,30105,66884.64014513098,2538.9068,0.05,0.999997298549956,table5
baseline,46.4,S2,"[0.3, 0.45, 0.6, 0.7, 0.8]",Optimal,66884.64014513098,310.19,12485,30105,66884.64014513098,2538.9068,0.05,0.999997298549956,table5
aggressive,46.4,S2,"[0.5, 0.6, 0.75, 0.9, 1.0]",Optimal,66884.64014513098,310.19,12485,30105,66884.64014513098,2538.9068,0.05,0.999997298549956,table5
conservative,46.4,S3,"[0.1, 0.2, 0.3, 0.4, 0.5]",Optimal,37051.1145394671,300.77,12485,20505,37051.1145394671,2333.5438,21.0297765,0.686509839574148,table5
baseline,46.4,S3,"[0.3, 0.45, 0.6, 0.7, 0.8]",Optimal,37051.1145394671,300.77,12485,20505,37051.1145394671,2333.5438,21.0297765,0.686509839574148,table5
aggressive,46.4,S3,"[0.5, 0.6, 0.75, 0.9, 1.0]",Optimal,37051.1145394671,300.77,12485,20505,37051.1145394671,2333.5438,21.0297765,0.686509839574148,table5
baseline,46.4,S4,"[0.3, 0.45, 0.6, 0.7, 0.8]",Optimal,74530.75773232112,311.32,12485,30105,74530.75773232112,5367.751,0.0499999999999997,0.9999972077285328,table5
conservative,10.5,S4,"[0.1, 0.2, 0.3, 0.4, 0.5]",Optimal,30142.498213335824,303.73,12485,30105,30142.498213335824,1763.0723,0.05,0.9999973460109304,solved
conservative,17.5,S4,"[0.1, 0.2, 0.3, 0.4, 0.5]",Optimal,11678.849877497607,303.95,12485,30105,11678.849877497607,375.99483,0.04999999999999982,0.9999943908201535,solved
conservative,25.6,S4,"[0.1, 0.2, 0.3, 0.4, 0.5]",Optimal,14492.781915635225,303.4,12485,30105,14492.781915635225,592.8044,0.04999999999999982,0.9999976363043773,solved
conservative,32.8,S4,"[0.1, 0.2, 0.3, 0.4, 0.5]",Optimal,86973.4336717657,303.75,12485,30105,86973.4336717657,7022.3961,0.050000000000000086,0.9999931330723382,solved
conservative,40.5,S4,"[0.1, 0.2, 0.3, 0.4, 0.5]",Optimal,95710.22047154412,304.91,12485,30105,95710.22047154412,3896.1949,0.04999999999999982,0.9999968704674446,solved
conservative,46.4,S4,"[0.1, 0.2, 0.3, 0.4, 0.5]",Optimal,72295.06570058086,304.28,12485,30105,72295.06570058086,3406.5641,0.050000000000000266,0.999997220039849,solved
aggressive,10.5,S4,"[0.5, 0.6, 0.75, 0.9, 1.0]",Optimal,35670.87575496462,306.85,12485,30105,35670.87575496462,3128.8574,0.05,0.999997194381824,solved
aggressive,17.5,S4,"[0.5, 0.6, 0.75, 0.9, 1.0]",Optimal,12202.010032218004,304.74,12485,30105,12202.010032218004,1270.3843,0.050000000000000176,0.9999945316301847,solved
aggressive,25.6,S4,"[0.5, 0.6, 0.75, 0.9, 1.0]",Optimal,15381.707170869213,303.54,12485,30105,15381.707170869213,2029.6229,0.050000000000000086,0.9999977087669235,solved
aggressive,32.8,S4,"[0.5, 0.6, 0.75, 0.9, 1.0]",Optimal,92996.1080445282,303.57,12485,30105,92996.1080445282,6508.4112,0.04999999999999982,0.9999929628881595,solved
aggressive,40.5,S4,"[0.5, 0.6, 0.75, 0.9, 1.0]",Optimal,99740.28371408788,304.17,12485,30105,99740.28371408788,7670.0791,0.050000000000000086,0.9999970175990598,solved
aggressive,46.4,S4,"[0.5, 0.6, 0.75, 0.9, 1.0]",Optimal,76720.46472590088,305.42,12485,30105,76720.46472590088,6675.2089,0.050000000000000176,0.9999971941186854,solved
aggressive_control,46.4,S3,"[0.5, 0.6, 0.75, 0.9, 1.0]",Optimal,37051.1145394671,300.97,12485,20505,37051.1145394671,2333.5438,21.0297765,0.686509839574148,control
