regime,pair,mean_a,mean_b,mean_diff,pct_b_vs_a,wilcoxon_p,paired_t_p,n_scenarios
10.5,S2 vs S4,30385.754087295394,34294.2066888356,-3908.452601540203,12.862779677317171,0.000850677490234375,0.00030183920042449014,20
10.5,S2 vs S5,30385.754087295394,34294.2066888356,-3908.452601540203,12.862779677317171,0.000850677490234375,0.00030183920042449014,20
10.5,S4 vs S5,34294.2066888356,34294.2066888356,0.0,0.0,,,20
17.5,S2 vs S4,11445.913629310002,11993.44257426818,-547.5289449581795,4.783619400692474,1.9073486328125e-06,2.1816534698932624e-05,20
17.5,S2 vs S5,11445.913629310002,11993.44257426818,-547.5289449581795,4.783619400692474,1.9073486328125e-06,2.1816534698932624e-05,20
17.5,S4 vs S5,11993.44257426818,11993.44257426818,0.0,0.0,,,20
25.6,S2 vs S4,14391.6450239468,14925.2511847894,-533.606160842601,3.707749600234811,1.9073486328125e-06,2.275706244739002e-15,20
25.6,S2 vs S5,14391.6450239468,14925.251181642941,-533.6061576961403,3.707749578371722,1.9073486328125e-06,2.275707945534554e-15,20
25.6,S4 vs S5,14925.2511847894,14925.251181642941,3.14646076731151e-06,-2.1081447698634292e-08,0.49800872802734375,0.6978666477235027,20
32.8,S2 vs S4,96771.27494004197,88206.35088500187,8564.92405504011,-8.85068845103756,9.5367431640625e-06,4.163539208837847e-07,20
32.8,S2 vs S5,96771.27494004197,90389.57090688587,6381.704033156102,-6.5946263879545945,0.0002613067626953125,0.00022017901251407884,20
32.8,S4 vs S5,88206.35088500187,90389.57090688587,-2183.2200218840067,2.4751279244397573,0.021484375,0.017025533929659966,20
40.5,S2 vs S4,92742.95959058002,97790.26652276397,-5047.306932183969,5.442253465347258,0.0002613067626953125,0.00013091207996405503,20
40.5,S2 vs S5,92742.95959058002,96694.10373314397,-3951.1441425639723,4.260317074208686,0.00365447998046875,0.006837270644019453,20
40.5,S4 vs S5,97790.26652276397,96694.10373314397,1096.162789619997,-1.1209324083034655,0.082550048828125,0.12045110870845752,20
46.4,S2 vs S4,66884.640145131,74530.757732321,-7646.117587189993,11.431798946064319,1.9073486328125e-06,4.59470864496898e-15,20
46.4,S2 vs S5,66884.640145131,72460.293351661,-5575.653206529997,8.33622367472049,1.9073486328125e-06,7.216281808238109e-11,20
46.4,S4 vs S5,74530.757732321,72460.293351661,2070.464380659997,-2.777999907227713,2.6702880859375e-05,2.0261994942511054e-05,20
