regime,config,status,objective,solve_time_s,n_variables,n_constraints,Z,MaxRamp,Disparity_Mean,Real_JFI,MaxRamp_n10,Disparity_Mean_n10,Real_JFI_n10
10.5,S1,Optimal,9345.575470715992,301.05,12485,20505,9345.575470715992,821.01251,10.12373044,0.9368601116983186,821.01251,9.91990387,0.9407055836776077
10.5,S2,Optimal,30385.754087295394,302.47,12485,30105,30385.754087295394,1652.2482,0.04999999999999982,0.9999972596236162,730.61533,0.04999999999999982,0.99999747596047
10.5,S3,Optimal,12991.757482492194,301.23,12485,20505,12991.757482492194,1624.0488,5.567328325,0.9766978770004078,1624.0488,4.548917,0.9855302113063802
10.5,S4,Optimal,34294.20668883566,304.52,12485,30105,34294.20668883566,2429.2724,0.04999999999999991,0.9999972014451186,2429.2724,0.050000000000000176,0.9999973016854813
10.5,S5,Optimal,34294.20668883566,304.23,12485,30105,34294.20668883566,2429.2724,0.04999999999999991,0.9999972014451186,2429.2724,0.050000000000000176,0.9999973016854813
17.5,S1,Optimal,1152.7254162280003,1.72,12485,20505,1152.7254162280003,342.36094,3.237977945,0.9849823225797463,342.36094,3.2357551800000004,0.9850450738804973
17.5,S2,Optimal,11445.91362931004,301.42,12485,30105,11445.91362931004,342.36094,0.04999999999999991,0.9999943750808793,342.36094,0.05,0.9999943702693214
17.5,S3,Optimal,1410.7862726680003,2.67,12485,20505,1410.7862726680003,823.56711,3.2878158650000002,0.9848131704812669,823.56711,3.28752303,0.9848570877095678
17.5,S4,Optimal,11993.442574268189,303.52,12485,30105,11993.442574268189,962.82684,0.050000000000000176,0.9999944535798008,823.56711,0.05000000000000053,0.999994465423051
17.5,S5,Optimal,11993.442574268189,303.62,12485,30105,11993.442574268189,962.82684,0.050000000000000176,0.9999944535798008,823.56711,0.05000000000000053,0.999994465423051
25.6,S1,Optimal,1432.0451399432013,2.27,12485,20505,1432.0451399432013,592.8044,2.6713937,0.9940457304140141,514.23443,2.6828508999999996,0.9940333926768579
25.6,S2,Optimal,14391.645023946763,301.7,12485,30105,14391.645023946763,592.8044,0.050000000000000176,0.9999976173923768,514.23443,0.050000000000000176,0.9999976697882152
25.6,S3,Optimal,1802.3721670472012,46.81,12485,20505,1802.3721670472012,1211.6861,2.7114388000000003,0.9941787562761679,1211.6861,2.7390516,0.9942131751966568
25.6,S4,Optimal,14925.251184789387,304.49,12485,30105,14925.251184789387,1211.6861,0.050000000000000086,0.9999976734571204,1211.6861,0.050000000000000176,0.9999977239411451
25.6,S5,Optimal,14925.251181642943,303.35,12485,30105,14925.251181642943,1211.6861,0.050000000000000086,0.9999976734571204,1211.6861,0.050000000000000176,0.9999977239411451
32.8,S1,Optimal,51162.60637158628,301.26,12485,20505,51162.60637158628,1788.0617,7.936390449999999,0.9412280247091361,1788.0617,9.259080540000001,0.9230646207908159
32.8,S2,Optimal,96771.27494004212,301.89,12485,30105,96771.27494004212,5951.8648,0.04999999999999991,0.9999934504235843,5190.7029,0.04999999999999982,0.9999937211090792
32.8,S3,Optimal,54145.680615556485,300.58,12485,20505,54145.680615556485,2200.3204,21.051457735000003,0.6143063327944932,2200.3204,20.9729486,0.6175843103823189
32.8,S4,Optimal,88206.350885002,303.37,12485,30105,88206.350885002,7424.3073,0.04999999999999973,0.99999447522803,7424.3073,0.04999999999999964,0.9999945740827645
32.8,S5,Optimal,90389.570906886,303.44,12485,30105,90389.570906886,11880.515,0.04999999999999991,0.9999926701882058,11880.515,0.05,0.9999928949644422
40.5,S1,Optimal,39534.311411236275,300.8,12485,20505,39534.311411236275,1560.8954,8.923190259999998,0.9287659806757619,1560.8954,9.303606460000001,0.9255126143285398
40.5,S2,Optimal,92742.95959058004,305.48,12485,30105,92742.95959058004,4680.7434,0.050000000000000086,0.9999955438923667,3314.6781,0.05,0.999995366817919
40.5,S3,Optimal,44740.48293025144,300.87,12485,20505,44740.48293025144,1585.5907,21.303051150000005,0.7172797131053568,1585.5907,21.190062599999997,0.7133019010693088
40.5,S4,Optimal,97790.266522764,304.02,12485,30105,97790.266522764,6160.5254,0.05000000000000045,0.9999969845144328,6160.5254,0.05000000000000036,0.9999972496206603
40.5,S5,Optimal,96694.10373314419,304.15,12485,30105,96694.10373314419,4273.5834,0.04999999999999991,0.9999969843770936,4273.5834,0.05000000000000036,0.9999970426668329
46.4,S1,Optimal,32158.69808522944,300.94,12485,20505,32158.69808522944,575.60925,16.749022615500003,0.8063558030368254,541.1433,17.168859692999998,0.7882969001736295
46.4,S2,Optimal,66884.64014513098,310.19,12485,30105,66884.64014513098,2538.9068,0.050000000000000086,0.9999972985499559,1375.9931,0.05,0.9999972049742043
46.4,S3,Optimal,37051.1145394671,300.77,12485,20505,37051.1145394671,2333.5438,21.0297765,0.686509839574148,1620.6798,21.246513,0.671700928460537
46.4,S4,Optimal,74530.75773232112,311.32,12485,30105,74530.75773232112,5367.751,0.04999999999999973,0.9999972077285328,5282.6102,0.05,0.9999972213106636
46.4,S5,Optimal,72460.293351661,305.84,12485,30105,72460.293351661,3733.4285,0.050000000000000266,0.9999970768627804,3662.0485,0.05,0.9999971810809033
