regime,config,status,objective,solve_time_s,lower_bound,gap_rel,hit_cap,n_variables,n_constraints,Z_table5,drift_pct,reproduced
10.5,S1,Optimal,9345.575470715992,300.0,8816.653,0.0565960301078676,True,12485,20505,9345.575470715992,0.0,True
10.5,S2,Optimal,30385.7540872954,301.08,18990.664,0.375014227211817,True,12485,30105,30385.7540872954,-1.1102230246251564e-14,True
10.5,S3,Optimal,12991.757482492194,300.92,9812.924,0.2446807898604955,True,12485,20505,12991.757482492194,0.0,True
10.5,S4,Optimal,34294.20668883566,303.93,17162.46,0.4995522084612859,True,12485,30105,34294.20668883566,0.0,True
10.5,S5,Optimal,34294.20668883566,303.75,17162.46,0.4995522084612859,True,12485,30105,34294.20668883566,0.0,True
17.5,S1,Optimal,1152.7254162280003,1.69,1152.7254162280003,0.0,False,12485,20505,1152.7254162280003,0.0,True
17.5,S2,Optimal,11445.91362931004,301.24,7630.417,0.3333501154105806,True,12485,30105,11445.91362931004,0.0,True
17.5,S3,Optimal,1410.7862726680005,2.6,1410.7862726680005,0.0,False,12485,20505,1410.7862726680005,-1.1102230246251564e-14,True
17.5,S4,Optimal,11993.442574268189,303.09,6809.43,0.4322372448249709,True,12485,30105,11993.442574268189,0.0,True
17.5,S5,Optimal,11993.442574268189,303.27,6809.43,0.4322372448249709,True,12485,30105,11993.442574268189,0.0,True
25.6,S1,Optimal,1432.045139943201,2.46,1431.55,0.0003457572176956,False,12485,20505,1432.045139943201,2.220446049250313e-14,True
25.6,S2,Optimal,14391.645023946763,301.29,9318.028,0.3525390610666531,True,12485,30105,14391.645023946763,0.0,True
25.6,S3,Optimal,1802.3721670472007,47.05,1779.171,0.0128725728633566,False,12485,20505,1802.3721670472007,2.220446049250313e-14,True
25.6,S4,Optimal,14925.251184789387,303.95,7756.855,0.4802864686186882,True,12485,30105,14925.251184789387,0.0,True
25.6,S5,Optimal,14925.251181642943,303.86,7805.26,0.4770433070098046,True,12485,30105,14925.251181642943,0.0,True
32.8,S1,Optimal,51162.60637158628,301.2,47419.408,0.0731627772127164,True,12485,20505,51162.60637158628,0.0,True
32.8,S2,Optimal,96771.27494004212,306.72,62804.675,0.3509987851362634,True,12485,30105,96771.27494004212,0.0,True
32.8,S3,Optimal,54145.680615556485,301.06,49210.667,0.0911432557399345,True,12485,20505,54145.680615556485,0.0,True
32.8,S4,Optimal,88206.350885002,304.52,58040.082,0.3419965635391823,True,12485,30105,88206.350885002,0.0,True
32.8,S5,Optimal,90389.570906886,305.06,56429.83,0.3757041942578676,True,12485,30105,90389.570906886,0.0,True
40.5,S1,Optimal,39534.31141123628,301.03,37219.888,0.0585421455090395,True,12485,20505,39534.31141123628,-2.220446049250313e-14,True
40.5,S2,Optimal,92742.95959058004,314.53,54796.475,0.4091575765761338,True,12485,30105,92742.95959058004,0.0,True
40.5,S3,Optimal,44740.48293025144,300.87,39173.162,0.1244358702817461,True,12485,20505,44740.48293025144,0.0,True
40.5,S4,Optimal,97790.266522764,317.78,47990.331,0.5092524777112799,True,12485,30105,97790.266522764,0.0,True
40.5,S5,Optimal,96694.1037331442,319.78,46101.95,0.5232186015474958,True,12485,30105,96694.1037331442,-1.1102230246251564e-14,True
46.4,S1,Optimal,32158.69808522944,301.44,30177.736,0.0615995734646764,True,12485,20505,32158.69808522944,0.0,True
46.4,S2,Optimal,66884.64014513098,315.23,45658.099,0.3173604746780746,True,12485,30105,66884.64014513098,0.0,True
46.4,S3,Optimal,37051.1145394671,302.16,31761.036,0.1427778517656215,True,12485,20505,37051.1145394671,0.0,True
46.4,S4,Optimal,74530.75773232112,311.07,39776.888,0.4663023802487077,True,12485,30105,74530.75773232112,0.0,True
46.4,S5,Optimal,72460.293351661,310.76,38699.437,0.4659221594344692,True,12485,30105,72460.293351661,0.0,True
